yr,pct_loss
1970,30.296666
1980,30.54264081
1990,30.56495686
2000,31.09783554
2010,31.48063769
2020,31.41695826
